Date,Top 10 tickers,Top 10 raw tickers,Top 10 count
2001-01-31,"GE, MSFT, C, XOM, PFE, CSCO, WMT, INTC, TWX, AIG","GE, MSFT, C, XOM, PFE, CSCO, WMT, INTC, TWX, AIG",10
2001-02-28,"GE, MSFT, PFE, XOM, C, WMT, INTC, AIG, TWX, MRK","GE, MSFT, PFE, XOM, C, WMT, INTC, AIG, TWX, MRK",10
2001-03-31,"GE, MSFT, XOM, PFE, C, WMT, AIG, INTC, MRK, TWX","GE, MSFT, XOM, PFE, C, WMT, AIG, INTC, MRK, TWX",10
2001-04-30,"GE, MSFT, XOM, PFE, C, WMT, TWX, INTC, IBM, AIG","GE, MSFT, XOM, PFE, C, WMT, TWX, INTC, IBM, AIG",10
2001-05-31,"GE, MSFT, XOM, PFE, C, WMT, TWX, IBM, AIG, INTC","GE, MSFT, XOM, PFE, C, WMT, TWX, IBM, AIG, INTC",10
2001-06-30,"GE, MSFT, XOM, C, PFE, TWX, WMT, AIG, INTC, IBM","GE, MSFT, XOM, C, PFE, TWX, WMT, AIG, INTC, IBM",10
2001-07-31,"GE, MSFT, XOM, PFE, C, WMT, INTC, AIG, TWX, IBM","GE, MSFT, XOM, PFE, C, WMT, INTC, AIG, TWX, IBM",10
2001-08-31,"GE, MSFT, XOM, PFE, C, WMT, AIG, INTC, IBM, JNJ","GE, MSFT, XOM, PFE, C, WMT, AIG, INTC, IBM, JNJ",10
2001-09-30,"GE, MSFT, XOM, PFE, WMT, AIG, C, JNJ, IBM, T","GE, MSFT, XOM, PFE, WMT, AIG, C, JNJ, IBM, T",10
2001-10-31,"GE, MSFT, XOM, PFE, C, WMT, AIG, IBM, JNJ, INTC","GE, MSFT, XOM, PFE, C, WMT, AIG, IBM, JNJ, INTC",10
2001-11-30,"GE, MSFT, PFE, XOM, C, WMT, INTC, AIG, IBM, JNJ","GE, MSFT, PFE, XOM, C, WMT, INTC, AIG, IBM, JNJ",10
2001-12-31,"GE, MSFT, XOM, C, WMT, PFE, INTC, IBM, AIG, JNJ","GE, MSFT, XOM, C, WMT, PFE, INTC, IBM, AIG, JNJ",10
2002-01-31,"GE, MSFT, WMT, XOM, PFE, C, INTC, AIG, IBM, JNJ","GE, MSFT, WMT, XOM, PFE, C, INTC, AIG, IBM, JNJ",10
2002-02-28,"GE, MSFT, XOM, WMT, PFE, C, AIG, INTC, JNJ, IBM","GE, MSFT, XOM, WMT, PFE, C, AIG, INTC, JNJ, IBM",10
2002-03-31,"GE, MSFT, XOM, WMT, C, PFE, INTC, JNJ, AIG, IBM","GE, MSFT, XOM, WMT, C, PFE, INTC, JNJ, AIG, IBM",10
2002-04-30,"GE, MSFT, XOM, WMT, PFE, C, JNJ, INTC, AIG, IBM","GE, MSFT, XOM, WMT, PFE, C, JNJ, INTC, AIG, IBM",10
2002-05-31,"GE, MSFT, XOM, WMT, C, PFE, JNJ, INTC, AIG, KO","GE, MSFT, XOM, WMT, C, PFE, JNJ, INTC, AIG, KO",10
2002-06-30,"MSFT, GE, XOM, WMT, PFE, C, AIG, JNJ, KO, IBM","MSFT, GE, XOM, WMT, PFE, C, AIG, JNJ, KO, IBM",10
2002-07-31,"GE, MSFT, XOM, WMT, PFE, C, AIG, JNJ, INTC, KO","GE, MSFT, XOM, WMT, PFE, C, AIG, JNJ, INTC, KO",10
2002-08-31,"GE, MSFT, XOM, WMT, PFE, C, AIG, JNJ, IBM, KO","GE, MSFT, XOM, WMT, PFE, C, AIG, JNJ, IBM, KO",10
2002-09-30,"GE, MSFT, WMT, XOM, PFE, JNJ, C, AIG, KO, PG","GE, MSFT, WMT, XOM, PFE, JNJ, C, AIG, KO, PG",10
2002-10-31,"MSFT, GE, WMT, XOM, PFE, C, JNJ, AIG, IBM, MRK","MSFT, GE, WMT, XOM, PFE, C, JNJ, AIG, IBM, MRK",10
2002-11-30,"MSFT, GE, WMT, XOM, C, PFE, AIG, JNJ, IBM, INTC","MSFT, GE, WMT, XOM, C, PFE, AIG, JNJ, IBM, INTC",10
2002-12-31,"MSFT, GE, XOM, WMT, PFE, C, JNJ, AIG, IBM, MRK","MSFT, GE, XOM, WMT, PFE, C, JNJ, AIG, IBM, MRK",10
2003-01-31,"MSFT, GE, XOM, WMT, PFE, C, JNJ, AIG, IBM, MRK","MSFT, GE, XOM, WMT, PFE, C, JNJ, AIG, IBM, MRK",10
2003-02-28,"MSFT, GE, XOM, WMT, PFE, C, JNJ, IBM, AIG, MRK","MSFT, GE, XOM, WMT, PFE, C, JNJ, IBM, AIG, MRK",10
2003-03-31,"MSFT, GE, XOM, WMT, PFE, C, JNJ, IBM, AIG, MRK","MSFT, GE, XOM, WMT, PFE, C, JNJ, IBM, AIG, MRK",10
2003-04-30,"GE, MSFT, WMT, PFE, XOM, C, JNJ, AIG, IBM, MRK","GE, MSFT, WMT, PFE, XOM, C, JNJ, AIG, IBM, MRK",10
2003-05-31,"GE, MSFT, PFE, XOM, WMT, C, JNJ, IBM, AIG, INTC","GE, MSFT, PFE, XOM, WMT, C, JNJ, IBM, AIG, INTC",10
2003-06-30,"GE, MSFT, PFE, XOM, WMT, C, JNJ, AIG, IBM, INTC","GE, MSFT, PFE, XOM, WMT, C, JNJ, AIG, IBM, INTC",10
2003-07-31,"GE, MSFT, PFE, WMT, XOM, C, AIG, INTC, JNJ, IBM","GE, MSFT, PFE, WMT, XOM, C, AIG, INTC, JNJ, IBM",10
2003-08-31,"GE, MSFT, WMT, XOM, PFE, C, INTC, AIG, JNJ, IBM","GE, MSFT, WMT, XOM, PFE, C, INTC, AIG, JNJ, IBM",10
2003-09-30,"MSFT, GE, WMT, XOM, PFE, C, INTC, IBM, AIG, JNJ","MSFT, GE, WMT, XOM, PFE, C, INTC, IBM, AIG, JNJ",10
2003-10-31,"GE, MSFT, WMT, PFE, C, XOM, INTC, AIG, IBM, JNJ","GE, MSFT, WMT, PFE, C, XOM, INTC, AIG, IBM, JNJ",10
2003-11-30,"GE, MSFT, PFE, WMT, C, XOM, INTC, CSCO, IBM, AIG","GE, MSFT, PFE, WMT, C, XOM, INTC, CSCO, IBM, AIG",10
2003-12-31,"GE, MSFT, XOM, PFE, C, WMT, INTC, AIG, CSCO, IBM","GE, MSFT, XOM, PFE, C, WMT, INTC, AIG, CSCO, IBM",10
2004-01-31,"GE, MSFT, PFE, C, XOM, WMT, INTC, AIG, CSCO, IBM","GE, MSFT, PFE, C, XOM, WMT, INTC, AIG, CSCO, IBM",10
2004-02-29,"GE, MSFT, PFE, XOM, C, WMT, AIG, INTC, IBM, JNJ","GE, MSFT, PFE, XOM, C, WMT, AIG, INTC, IBM, JNJ",10
2004-03-31,"GE, XOM, MSFT, C, PFE, WMT, AIG, INTC, CSCO, IBM","GE, XOM, MSFT, C, PFE, WMT, AIG, INTC, CSCO, IBM",10
2004-04-30,"GE, MSFT, XOM, PFE, C, WMT, AIG, INTC, BAC, JNJ","GE, MSFT, XOM, PFE, C, WMT, AIG, INTC, BAC, JNJ",10
2004-05-31,"GE, MSFT, XOM, PFE, C, WMT, AIG, INTC, BAC, JNJ","GE, MSFT, XOM, PFE, C, WMT, AIG, INTC, BAC, JNJ",10
2004-06-30,"GE, MSFT, XOM, PFE, C, WMT, AIG, INTC, BAC, JNJ","GE, MSFT, XOM, PFE, C, WMT, AIG, INTC, BAC, JNJ",10
2004-07-31,"GE, MSFT, XOM, PFE, C, WMT, AIG, BAC, JNJ, INTC","GE, MSFT, XOM, PFE, C, WMT, AIG, BAC, JNJ, INTC",10
2004-08-31,"GE, XOM, MSFT, PFE, C, WMT, AIG, BAC, JNJ, PG","GE, XOM, MSFT, PFE, C, WMT, AIG, BAC, JNJ, PG",10
2004-09-30,"GE, XOM, MSFT, PFE, C, WMT, AIG, BAC, JNJ, IBM","GE, XOM, MSFT, PFE, C, WMT, AIG, BAC, JNJ, IBM",10
2004-10-31,"GE, XOM, MSFT, C, WMT, PFE, BAC, JNJ, AIG, IBM","GE, XOM, MSFT, C, WMT, PFE, BAC, JNJ, AIG, IBM",10
2004-11-30,"GE, XOM, MSFT, C, WMT, PFE, BAC, JNJ, AIG, IBM","GE, XOM, MSFT, C, WMT, PFE, BAC, JNJ, AIG, IBM",10
2004-12-31,"GE, XOM, MSFT, C, WMT, PFE, BAC, JNJ, AIG, IBM","GE, XOM, MSFT, C, WMT, PFE, BAC, JNJ, AIG, IBM",10
2005-01-31,"GE, XOM, MSFT, C, WMT, JNJ, BAC, PFE, AIG, IBM","GE, XOM, MSFT, C, WMT, JNJ, BAC, PFE, AIG, IBM",10
2005-02-28,"XOM, GE, MSFT, C, WMT, PFE, JNJ, BAC, AIG, IBM","XOM, GE, MSFT, C, WMT, PFE, JNJ, BAC, AIG, IBM",10
2005-03-31,"GE, XOM, MSFT, C, WMT, JNJ, PFE, BAC, IBM, INTC","GE, XOM, MSFT, C, WMT, JNJ, PFE, BAC, IBM, INTC",10
2005-04-30,"GE, XOM, MSFT, C, JNJ, PFE, WMT, BAC, INTC, PG","GE, XOM, MSFT, C, JNJ, PFE, WMT, BAC, INTC, PG",10
2005-05-31,"GE, XOM, MSFT, C, PFE, JNJ, WMT, BAC, INTC, AIG","GE, XOM, MSFT, C, PFE, JNJ, WMT, BAC, INTC, AIG",10
2005-06-30,"GE, XOM, MSFT, C, PFE, WMT, JNJ, BAC, INTC, AIG","GE, XOM, MSFT, C, PFE, WMT, JNJ, BAC, INTC, AIG",10
2005-07-31,"XOM, GE, MSFT, C, WMT, PFE, JNJ, BAC, INTC, AIG","XOM, GE, MSFT, C, WMT, PFE, JNJ, BAC, INTC, AIG",10
2005-08-31,"XOM, GE, MSFT, C, JNJ, PFE, WMT, BAC, INTC, AIG","XOM, GE, MSFT, C, JNJ, PFE, WMT, BAC, INTC, AIG",10
2005-09-30,"XOM, GE, MSFT, C, JNJ, PFE, WMT, BAC, AIG, MO","XOM, GE, MSFT, C, JNJ, PFE, WMT, BAC, AIG, MO",10
2005-10-31,"GE, XOM, MSFT, C, WMT, PG, JNJ, BAC, AIG, PFE","GE, XOM, MSFT, C, WMT, PG, JNJ, BAC, AIG, PFE",10
2005-11-30,"GE, XOM, MSFT, C, WMT, PG, BAC, JNJ, AIG, INTC","GE, XOM, MSFT, C, WMT, PG, BAC, JNJ, AIG, INTC",10
2005-12-31,"GE, XOM, MSFT, C, PG, WMT, BAC, JNJ, AIG, PFE","GE, XOM, MSFT, C, PG, WMT, BAC, JNJ, AIG, PFE",10
2006-01-31,"XOM, GE, MSFT, C, BAC, PG, WMT, PFE, JNJ, AIG","XOM, GE, MSFT, C, BAC, PG, WMT, PFE, JNJ, AIG",10
2006-02-28,"XOM, GE, MSFT, C, BAC, PG, PFE, WMT, AIG, JNJ","XOM, GE, MSFT, C, BAC, PG, PFE, WMT, AIG, JNJ",10
2006-03-31,"XOM, GE, MSFT, C, BAC, WMT, PG, PFE, JNJ, AIG","XOM, GE, MSFT, C, BAC, WMT, PG, PFE, JNJ, AIG",10
2006-04-30,"XOM, GE, C, MSFT, BAC, PG, WMT, PFE, JNJ, AIG","XOM, GE, C, MSFT, BAC, PG, WMT, PFE, JNJ, AIG",10
2006-05-31,"XOM, GE, C, MSFT, BAC, WMT, JNJ, PG, PFE, AIG","XOM, GE, C, MSFT, BAC, WMT, JNJ, PG, PFE, AIG",10
2006-06-30,"XOM, GE, C, MSFT, BAC, WMT, PG, JNJ, PFE, AIG","XOM, GE, C, MSFT, BAC, WMT, PG, JNJ, PFE, AIG",10
2006-07-31,"XOM, GE, MSFT, C, BAC, PFE, WMT, JNJ, PG, MO","XOM, GE, MSFT, C, BAC, PFE, WMT, JNJ, PG, MO",10
2006-08-31,"XOM, GE, MSFT, C, BAC, PFE, PG, JNJ, WMT, MO","XOM, GE, MSFT, C, BAC, PFE, PG, JNJ, WMT, MO",10
2006-09-30,"XOM, GE, MSFT, C, BAC, PFE, WMT, PG, JNJ, AIG","XOM, GE, MSFT, C, BAC, PFE, WMT, PG, JNJ, AIG",10
2006-10-31,"XOM, GE, MSFT, C, BAC, WMT, PG, JNJ, PFE, AIG","XOM, GE, MSFT, C, BAC, WMT, PG, JNJ, PFE, AIG",10
2006-11-30,"XOM, GE, MSFT, C, BAC, PG, PFE, WMT, JNJ, AIG","XOM, GE, MSFT, C, BAC, PG, PFE, WMT, JNJ, AIG",10
2006-12-31,"XOM, GE, MSFT, C, BAC, PG, WMT, JNJ, PFE, AIG","XOM, GE, MSFT, C, BAC, PG, WMT, JNJ, PFE, AIG",10
2007-01-31,"XOM, GE, MSFT, C, BAC, T, PG, WMT, JNJ, PFE","XOM, GE, MSFT, C, BAC, T, PG, WMT, JNJ, PFE",10
2007-02-28,"XOM, GE, MSFT, C, T, BAC, WMT, PG, JNJ, PFE","XOM, GE, MSFT, C, T, BAC, WMT, PG, JNJ, PFE",10
2007-03-31,"XOM, GE, MSFT, C, T, BAC, PG, WMT, MO, PFE","XOM, GE, MSFT, C, T, BAC, PG, WMT, MO, PFE",10
2007-04-30,"XOM, GE, MSFT, C, T, BAC, PG, WMT, PFE, JNJ","XOM, GE, MSFT, C, T, BAC, PG, WMT, PFE, JNJ",10
2007-05-31,"XOM, GE, MSFT, C, T, BAC, PG, WMT, PFE, AIG","XOM, GE, MSFT, C, T, BAC, PG, WMT, PFE, AIG",10
2007-06-30,"XOM, GE, MSFT, T, C, BAC, WMT, PG, AIG, CVX","XOM, GE, MSFT, T, C, BAC, WMT, PG, AIG, CVX",10
2007-07-31,"XOM, GE, MSFT, T, C, BAC, PG, WMT, CVX, CSCO","XOM, GE, MSFT, T, C, BAC, PG, WMT, CVX, CSCO",10
2007-08-31,"XOM, GE, MSFT, T, C, BAC, PG, CSCO, CVX, JNJ","XOM, GE, MSFT, T, C, BAC, PG, CSCO, CVX, JNJ",10
2007-09-30,"XOM, GE, MSFT, T, C, BAC, PG, CSCO, CVX, JNJ","XOM, GE, MSFT, T, C, BAC, PG, CSCO, CVX, JNJ",10
2007-10-31,"XOM, GE, MSFT, T, GOOGL, PG, BAC, C, CSCO, CVX","XOM, GE, MSFT, T, GOOGL, PG, BAC, C, CSCO, CVX",10
2007-11-30,"XOM, GE, MSFT, T, PG, GOOGL, BAC, JNJ, WMT, CVX","XOM, GE, MSFT, T, PG, GOOGL, BAC, JNJ, WMT, CVX",10
2007-12-31,"XOM, GE, MSFT, T, PG, GOOGL, CVX, JNJ, WMT, BAC","XOM, GE, MSFT, T, PG, GOOGL, CVX, JNJ, WMT, BAC",10
2008-01-31,"XOM, GE, MSFT, T, WMT, PG, BAC, JNJ, GOOGL, CVX","XOM, GE, MSFT, T, WMT, PG, BAC, JNJ, GOOGL, CVX",10
2008-02-29,"XOM, GE, MSFT, T, PG, WMT, CVX, BAC, JNJ, IBM","XOM, GE, MSFT, T, PG, WMT, CVX, BAC, JNJ, IBM",10
2008-03-31,"XOM, GE, MSFT, T, PG, WMT, JNJ, CVX, BAC, IBM","XOM, GE, MSFT, T, PG, WMT, JNJ, CVX, BAC, IBM",10
2008-04-30,"XOM, GE, MSFT, T, WMT, PG, CVX, JNJ, GOOGL, BAC","XOM, GE, MSFT, T, WMT, PG, CVX, JNJ, GOOGL, BAC",10
2008-05-31,"XOM, GE, MSFT, T, WMT, CVX, PG, JNJ, GOOGL, IBM","XOM, GE, MSFT, T, WMT, CVX, PG, JNJ, GOOGL, IBM",10
2008-06-30,"XOM, GE, MSFT, WMT, CVX, T, PG, JNJ, GOOGL, IBM","XOM, GE, MSFT, WMT, CVX, T, PG, JNJ, GOOGL, IBM",10
2008-07-31,"XOM, GE, MSFT, WMT, PG, JNJ, T, CVX, IBM, BAC","XOM, GE, MSFT, WMT, PG, JNJ, T, CVX, IBM, BAC",10
2008-08-31,"XOM, GE, MSFT, WMT, PG, JNJ, T, CVX, IBM, AAPL","XOM, GE, MSFT, WMT, PG, JNJ, T, CVX, IBM, AAPL",10
2008-09-30,"XOM, GE, MSFT, WMT, PG, JNJ, JPM, CVX, T, BAC","XOM, GE, MSFT, WMT, PG, JNJ, JPM, CVX, T, BAC",10
2008-10-31,"XOM, WMT, GE, MSFT, PG, JNJ, T, JPM, CVX, WFC","XOM, WMT, GE, MSFT, PG, JNJ, T, JPM, CVX, WFC",10
2008-11-30,"XOM, WMT, PG, GE, MSFT, T, JNJ, CVX, JPM, PFE","XOM, WMT, PG, GE, MSFT, T, JNJ, CVX, JPM, PFE",10
2008-12-31,"XOM, WMT, PG, MSFT, GE, T, JNJ, CVX, PFE, JPM","XOM, WMT, PG, MSFT, GE, T, JNJ, CVX, PFE, JPM",10
2009-01-31,"XOM, WMT, JNJ, PG, MSFT, T, CVX, GE, IBM, PFE","XOM, WMT, JNJ, PG, MSFT, T, CVX, GE, IBM, PFE",10
2009-02-28,"XOM, WMT, MSFT, PG, T, JNJ, IBM, CVX, GOOGL, KO","XOM, WMT, MSFT, PG, T, JNJ, IBM, CVX, GOOGL, KO",10
2009-03-31,"XOM, WMT, MSFT, T, JNJ, PG, CVX, IBM, GOOGL, GE","XOM, WMT, MSFT, T, JNJ, PG, CVX, IBM, GOOGL, GE",10
2009-04-30,"XOM, WMT, MSFT, T, JNJ, PG, IBM, GE, CVX, GOOGL","XOM, WMT, MSFT, T, JNJ, PG, IBM, GE, CVX, GOOGL",10
2009-05-31,"XOM, WMT, MSFT, JNJ, PG, T, GE, IBM, JPM, CVX","XOM, WMT, MSFT, JNJ, PG, T, GE, IBM, JPM, CVX",10
2009-06-30,"XOM, MSFT, WMT, JNJ, PG, T, IBM, GOOGL, CVX, JPM","XOM, MSFT, WMT, JNJ, PG, T, IBM, GOOGL, CVX, JPM",10
2009-07-31,"XOM, MSFT, WMT, JNJ, PG, T, IBM, JPM, AAPL, GE","XOM, MSFT, WMT, JNJ, PG, T, IBM, JPM, AAPL, GE",10
2009-08-31,"XOM, MSFT, WMT, JPM, JNJ, PG, IBM, T, BAC, AAPL","XOM, MSFT, WMT, JPM, JNJ, PG, IBM, T, BAC, AAPL",10
2009-09-30,"XOM, MSFT, WMT, GE, JPM, PG, JNJ, AAPL, T, IBM","XOM, MSFT, WMT, GE, JPM, PG, JNJ, AAPL, T, IBM",10
2009-10-31,"XOM, MSFT, WMT, GOOGL, AAPL, PG, JPM, JNJ, IBM, CVX","XOM, MSFT, WMT, GOOGL, AAPL, PG, JPM, JNJ, IBM, CVX",10
2009-11-30,"XOM, MSFT, WMT, GOOGL, PG, AAPL, JNJ, GE, JPM, IBM","XOM, MSFT, WMT, GOOGL, PG, AAPL, JNJ, GE, JPM, IBM",10
2009-12-31,"XOM, MSFT, WMT, GOOGL, AAPL, JNJ, PG, IBM, T, JPM","XOM, MSFT, WMT, GOOGL, AAPL, JNJ, PG, IBM, T, JPM",10
2010-01-31,"XOM, MSFT, WMT, PG, AAPL, JNJ, GE, GOOGL, IBM, JPM","XOM, MSFT, WMT, PG, AAPL, JNJ, GE, GOOGL, IBM, JPM",10
2010-02-28,"XOM, MSFT, WMT, BRK-B, AAPL, PG, JNJ, GE, GOOGL, BAC","XOM, MSFT, WMT, BRK-B, AAPL, PG, JNJ, GE, GOOGL, BAC",10
2010-03-31,"XOM, MSFT, AAPL, WMT, BRK-B, GE, PG, GOOGL, JNJ, BAC","XOM, MSFT, AAPL, WMT, BRK-B, GE, PG, GOOGL, JNJ, BAC",10
2010-04-30,"XOM, MSFT, AAPL, GE, WMT, BRK-B, PG, BAC, JNJ, WFC","XOM, MSFT, AAPL, GE, WMT, BRK-B, PG, BAC, JNJ, WFC",10
2010-05-31,"XOM, AAPL, MSFT, WMT, PG, GE, BRK-B, JNJ, IBM, BAC","XOM, AAPL, MSFT, WMT, PG, GE, BRK-B, JNJ, IBM, BAC",10
2010-06-30,"XOM, AAPL, MSFT, BRK-B, WMT, PG, JNJ, IBM, GE, JPM","XOM, AAPL, MSFT, BRK-B, WMT, PG, JNJ, IBM, GE, JPM",10
2010-07-31,"XOM, AAPL, MSFT, BRK-B, WMT, PG, GE, IBM, JPM, JNJ","XOM, AAPL, MSFT, BRK-B, WMT, PG, GE, IBM, JPM, JNJ",10
2010-08-31,"XOM, AAPL, MSFT, BRK-B, WMT, PG, T, JNJ, IBM, GE","XOM, AAPL, MSFT, BRK-B, WMT, PG, T, JNJ, IBM, GE",10
2010-09-30,"XOM, AAPL, MSFT, BRK-B, WMT, GE, JNJ, T, PG, GOOGL","XOM, AAPL, MSFT, BRK-B, WMT, GE, JNJ, T, PG, GOOGL",10
2010-10-31,"XOM, AAPL, MSFT, WMT, BRK-B, GOOGL, IBM, PG, JNJ, GE","XOM, AAPL, MSFT, WMT, BRK-B, GOOGL, IBM, PG, JNJ, GE",10
2010-11-30,"XOM, AAPL, MSFT, BRK-B, WMT, GOOGL, IBM, PG, JNJ, GE","XOM, AAPL, MSFT, BRK-B, WMT, GOOGL, IBM, PG, JNJ, GE",10
2010-12-31,"XOM, AAPL, MSFT, BRK-B, GE, WMT, GOOGL, CVX, IBM, PG","XOM, AAPL, MSFT, BRK-B, GE, WMT, GOOGL, CVX, IBM, PG",10
2011-01-31,"XOM, AAPL, MSFT, GE, BRK-B, IBM, WMT, GOOGL, CVX, JPM","XOM, AAPL, MSFT, GE, BRK-B, IBM, WMT, GOOGL, CVX, JPM",10
2011-02-28,"XOM, AAPL, MSFT, GE, BRK-B, CVX, IBM, GOOGL, JPM, WMT","XOM, AAPL, MSFT, GE, BRK-B, CVX, IBM, GOOGL, JPM, WMT",10
2011-03-31,"XOM, AAPL, CVX, MSFT, GE, BRK-B, IBM, GOOGL, JPM, WMT","XOM, AAPL, CVX, MSFT, GE, BRK-B, IBM, GOOGL, JPM, WMT",10
2011-04-30,"XOM, AAPL, CVX, MSFT, GE, IBM, BRK-B, WMT, T, JPM","XOM, AAPL, CVX, MSFT, GE, IBM, BRK-B, WMT, T, JPM",10
2011-05-31,"XOM, AAPL, MSFT, CVX, GE, IBM, BRK-B, WMT, PG, T","XOM, AAPL, MSFT, CVX, GE, IBM, BRK-B, WMT, PG, T",10
2011-06-30,"XOM, AAPL, MSFT, CVX, IBM, GE, BRK-B, T, WMT, JNJ","XOM, AAPL, MSFT, CVX, IBM, GE, BRK-B, T, WMT, JNJ",10
2011-07-31,"XOM, AAPL, MSFT, IBM, CVX, GOOGL, GE, BRK-B, WMT, JNJ","XOM, AAPL, MSFT, IBM, CVX, GOOGL, GE, BRK-B, WMT, JNJ",10
2011-08-31,"XOM, AAPL, MSFT, IBM, CVX, WMT, BRK-B, JNJ, PG, GOOGL","XOM, AAPL, MSFT, IBM, CVX, WMT, BRK-B, JNJ, PG, GOOGL",10
2011-09-30,"AAPL, XOM, MSFT, IBM, CVX, WMT, BRK-B, JNJ, PG, T","AAPL, XOM, MSFT, IBM, CVX, WMT, BRK-B, JNJ, PG, T",10
2011-10-31,"AAPL, XOM, MSFT, IBM, CVX, WMT, BRK-B, GOOGL, GE, PG","AAPL, XOM, MSFT, IBM, CVX, WMT, BRK-B, GOOGL, GE, PG",10
2011-11-30,"XOM, AAPL, IBM, MSFT, CVX, WMT, BRK-B, GOOGL, PG, JNJ","XOM, AAPL, IBM, MSFT, CVX, WMT, BRK-B, GOOGL, PG, JNJ",10
2011-12-31,"XOM, AAPL, MSFT, IBM, CVX, GOOGL, WMT, BRK-B, GE, PG","XOM, AAPL, MSFT, IBM, CVX, GOOGL, WMT, BRK-B, GE, PG",10
2012-01-31,"AAPL, XOM, MSFT, IBM, WMT, CVX, GE, BRK-B, GOOGL, JNJ","AAPL, XOM, MSFT, IBM, WMT, CVX, GE, BRK-B, GOOGL, JNJ",10
2012-02-29,"AAPL, XOM, MSFT, IBM, CVX, WMT, GE, GOOGL, BRK-B, PG","AAPL, XOM, MSFT, IBM, CVX, WMT, GE, GOOGL, BRK-B, PG",10
2012-03-31,"AAPL, XOM, MSFT, IBM, GE, CVX, GOOGL, WMT, BRK-B, T","AAPL, XOM, MSFT, IBM, GE, CVX, GOOGL, WMT, BRK-B, T",10
2012-04-30,"AAPL, XOM, MSFT, IBM, CVX, GE, WMT, BRK-B, GOOGL, T","AAPL, XOM, MSFT, IBM, CVX, GE, WMT, BRK-B, GOOGL, T",10
2012-05-31,"AAPL, XOM, MSFT, WMT, IBM, GE, T, BRK-B, CVX, GOOGL","AAPL, XOM, MSFT, WMT, IBM, GE, T, BRK-B, CVX, GOOGL",10
2012-06-30,"AAPL, XOM, MSFT, WMT, IBM, GE, T, CVX, BRK-B, GOOGL","AAPL, XOM, MSFT, WMT, IBM, GE, T, CVX, BRK-B, GOOGL",10
2012-07-31,"AAPL, XOM, WMT, MSFT, IBM, GE, T, CVX, BRK-B, GOOGL","AAPL, XOM, WMT, MSFT, IBM, GE, T, CVX, BRK-B, GOOGL",10
2012-08-31,"AAPL, XOM, MSFT, WMT, GOOGL, IBM, CVX, GE, T, BRK-B","AAPL, XOM, MSFT, WMT, GOOGL, IBM, CVX, GE, T, BRK-B",10
2012-09-30,"AAPL, XOM, MSFT, WMT, GOOGL, GE, IBM, CVX, BRK-B, T","AAPL, XOM, MSFT, WMT, GOOGL, GE, IBM, CVX, BRK-B, T",10
2012-10-31,"AAPL, XOM, WMT, MSFT, GOOGL, GE, IBM, CVX, BRK-B, T","AAPL, XOM, WMT, MSFT, GOOGL, GE, IBM, CVX, BRK-B, T",10
2012-11-30,"AAPL, XOM, WMT, GOOGL, MSFT, GE, BRK-B, IBM, CVX, T","AAPL, XOM, WMT, GOOGL, MSFT, GE, BRK-B, IBM, CVX, T",10
2012-12-31,"AAPL, XOM, GOOGL, WMT, MSFT, BRK-B, GE, IBM, CVX, JNJ","AAPL, XOM, GOOGL, WMT, MSFT, BRK-B, GE, IBM, CVX, JNJ",10
2013-01-31,"AAPL, XOM, GOOGL, BRK-B, WMT, GE, MSFT, IBM, CVX, PG","AAPL, XOM, GOOGL, BRK-B, WMT, GE, MSFT, IBM, CVX, PG",10
2013-02-28,"AAPL, XOM, GOOGL, BRK-B, GE, WMT, MSFT, CVX, IBM, JNJ","AAPL, XOM, GOOGL, BRK-B, GE, WMT, MSFT, CVX, IBM, JNJ",10
2013-03-31,"AAPL, XOM, GOOGL, BRK-B, WMT, GE, MSFT, IBM, CVX, JNJ","AAPL, XOM, GOOGL, BRK-B, WMT, GE, MSFT, IBM, CVX, JNJ",10
2013-04-30,"AAPL, XOM, MSFT, GOOGL, BRK-B, WMT, JNJ, CVX, GE, IBM","AAPL, XOM, MSFT, GOOGL, BRK-B, WMT, JNJ, CVX, GE, IBM",10
2013-05-31,"AAPL, XOM, MSFT, GOOGL, BRK-B, WMT, GE, CVX, JNJ, IBM","AAPL, XOM, MSFT, GOOGL, BRK-B, WMT, GE, CVX, JNJ, IBM",10
2013-06-30,"XOM, AAPL, GOOGL, MSFT, BRK-B, WMT, JNJ, GE, CVX, WFC","XOM, AAPL, GOOGL, MSFT, BRK-B, WMT, JNJ, GE, CVX, WFC",10
2013-07-31,"XOM, AAPL, GOOGL, BRK-B, MSFT, JNJ, WMT, GE, CVX, WFC","XOM, AAPL, GOOGL, BRK-B, MSFT, JNJ, WMT, GE, CVX, WFC",10
2013-08-31,"AAPL, XOM, GOOGL, MSFT, BRK-B, JNJ, WMT, GE, CVX, WFC","AAPL, XOM, GOOGL, MSFT, BRK-B, JNJ, WMT, GE, CVX, WFC",10
2013-09-30,"AAPL, XOM, GOOGL, BRK-B, MSFT, JNJ, GE, WMT, CVX, WFC","AAPL, XOM, GOOGL, BRK-B, MSFT, JNJ, GE, WMT, CVX, WFC",10
2013-10-31,"AAPL, XOM, GOOGL, MSFT, BRK-B, GE, JNJ, WMT, CVX, WFC","AAPL, XOM, GOOGL, MSFT, BRK-B, GE, JNJ, WMT, CVX, WFC",10
2013-11-30,"AAPL, XOM, GOOGL, MSFT, BRK-B, GE, JNJ, WMT, CVX, WFC","AAPL, XOM, GOOGL, MSFT, BRK-B, GE, JNJ, WMT, CVX, WFC",10
2013-12-31,"AAPL, XOM, GOOGL, MSFT, BRK-B, GE, JNJ, WMT, CVX, WFC","AAPL, XOM, GOOGL, MSFT, BRK-B, GE, JNJ, WMT, CVX, WFC",10
2014-01-31,"AAPL, XOM, GOOGL, MSFT, BRK-B, GE, JNJ, WMT, WFC, CVX","AAPL, XOM, GOOGL, MSFT, BRK-B, GE, JNJ, WMT, WFC, CVX",10
2014-02-28,"AAPL, XOM, GOOGL, MSFT, BRK-B, JNJ, GE, WFC, WMT, CVX","AAPL, XOM, GOOGL, MSFT, BRK-B, JNJ, GE, WFC, WMT, CVX",10
2014-03-31,"AAPL, XOM, GOOGL, MSFT, BRK-B, JNJ, WFC, GE, WMT, JPM","AAPL, XOM, GOOGL, MSFT, BRK-B, JNJ, WFC, GE, WMT, JPM",10
2014-04-30,"AAPL, XOM, GOOG, GOOGL, MSFT, BRK-B, JNJ, GE, WFC, WMT","AAPL, XOM, GOOG, GOOGL, MSFT, BRK-B, JNJ, GE, WFC, WMT",10
2014-05-31,"AAPL, XOM, GOOG, GOOGL, MSFT, BRK-B, JNJ, GE, WFC, WMT","AAPL, XOM, GOOG, GOOGL, MSFT, BRK-B, JNJ, GE, WFC, WMT",10
2014-06-30,"AAPL, XOM, GOOGL, GOOG, MSFT, BRK-B, JNJ, WFC, GE, CVX","AAPL, XOM, GOOGL, GOOG, MSFT, BRK-B, JNJ, WFC, GE, CVX",10
2014-07-31,"AAPL, XOM, GOOG, GOOGL, MSFT, BRK-B, JNJ, WFC, GE, CVX","AAPL, XOM, GOOG, GOOGL, MSFT, BRK-B, JNJ, WFC, GE, CVX",10
2014-08-31,"AAPL, XOM, GOOGL, GOOG, MSFT, BRK-B, JNJ, WFC, GE, CVX","AAPL, XOM, GOOGL, GOOG, MSFT, BRK-B, JNJ, WFC, GE, CVX",10
2014-09-30,"AAPL, XOM, GOOG, GOOGL, MSFT, BRK-B, JNJ, WFC, GE, WMT","AAPL, XOM, GOOG, GOOGL, MSFT, BRK-B, JNJ, WFC, GE, WMT",10
2014-10-31,"AAPL, XOM, MSFT, GOOGL, GOOG, BRK-B, JNJ, WFC, GE, WMT","AAPL, XOM, MSFT, GOOGL, GOOG, BRK-B, JNJ, WFC, GE, WMT",10
2014-11-30,"AAPL, MSFT, XOM, GOOG, GOOGL, BRK-B, JNJ, WFC, WMT, GE","AAPL, MSFT, XOM, GOOG, GOOGL, BRK-B, JNJ, WFC, WMT, GE",10
2014-12-31,"AAPL, XOM, MSFT, BRK-B, GOOGL, GOOG, JNJ, WFC, WMT, GE","AAPL, XOM, MSFT, BRK-B, GOOGL, GOOG, JNJ, WFC, WMT, GE",10
2015-01-31,"AAPL, XOM, GOOG, GOOGL, BRK-B, MSFT, JNJ, WMT, WFC, GE","AAPL, XOM, GOOG, GOOGL, BRK-B, MSFT, JNJ, WMT, WFC, GE",10
2015-02-28,"AAPL, GOOGL, GOOG, XOM, BRK-B, MSFT, JNJ, WFC, WMT, GE","AAPL, GOOGL, GOOG, XOM, BRK-B, MSFT, JNJ, WFC, WMT, GE",10
2015-03-31,"AAPL, GOOG, GOOGL, BRK-B, XOM, MSFT, WFC, JNJ, WMT, GE","AAPL, GOOG, GOOGL, BRK-B, XOM, MSFT, WFC, JNJ, WMT, GE",10
2015-04-30,"AAPL, MSFT, GOOGL, GOOG, XOM, BRK-B, WFC, JNJ, GE, WMT","AAPL, MSFT, GOOGL, GOOG, XOM, BRK-B, WFC, JNJ, GE, WMT",10
2015-05-31,"AAPL, MSFT, GOOGL, GOOG, XOM, BRK-B, WFC, JNJ, GE, JPM","AAPL, MSFT, GOOGL, GOOG, XOM, BRK-B, WFC, JNJ, GE, JPM",10
2015-06-30,"AAPL, GOOGL, GOOG, MSFT, XOM, BRK-B, WFC, JNJ, GE, JPM","AAPL, GOOGL, GOOG, MSFT, XOM, BRK-B, WFC, JNJ, GE, JPM",10
2015-07-31,"AAPL, GOOGL, GOOG, MSFT, BRK-B, XOM, WFC, JNJ, META, GE","AAPL, GOOGL, GOOG, MSFT, BRK-B, XOM, WFC, JNJ, META, GE",10
2015-08-31,"AAPL, GOOG, GOOGL, MSFT, BRK-B, XOM, WFC, JNJ, META, GE","AAPL, GOOG, GOOGL, MSFT, BRK-B, XOM, WFC, JNJ, META, GE",10
2015-09-30,"AAPL, GOOGL, GOOG, MSFT, BRK-B, XOM, WFC, JNJ, GE, META","AAPL, GOOGL, GOOG, MSFT, BRK-B, XOM, WFC, JNJ, GE, META",10
2015-10-31,"AAPL, GOOG, GOOGL, MSFT, XOM, BRK-B, AMZN, GE, META, JNJ","AAPL, GOOG, GOOGL, MSFT, XOM, BRK-B, AMZN, GE, META, JNJ",10
2015-11-30,"AAPL, GOOGL, GOOG, MSFT, XOM, BRK-B, AMZN, GE, META, WFC","AAPL, GOOGL, GOOG, MSFT, XOM, BRK-B, AMZN, GE, META, WFC",10
2015-12-31,"AAPL, GOOGL, GOOG, MSFT, BRK-B, XOM, AMZN, GE, META, JNJ","AAPL, GOOGL, GOOG, MSFT, BRK-B, XOM, AMZN, GE, META, JNJ",10
2016-01-31,"AAPL, GOOGL, GOOG, MSFT, XOM, BRK-B, META, GE, JNJ, AMZN","AAPL, GOOGL, GOOG, MSFT, XOM, BRK-B, META, GE, JNJ, AMZN",10
2016-02-29,"AAPL, GOOG, GOOGL, MSFT, XOM, BRK-B, META, JNJ, GE, AMZN","AAPL, GOOG, GOOGL, MSFT, XOM, BRK-B, META, JNJ, GE, AMZN",10
2016-03-31,"AAPL, GOOG, GOOGL, MSFT, BRK-B, XOM, META, JNJ, GE, AMZN","AAPL, GOOG, GOOGL, MSFT, BRK-B, XOM, META, JNJ, GE, AMZN",10
2016-04-30,"AAPL, GOOG, GOOGL, MSFT, XOM, BRK-B, META, AMZN, JNJ, GE","AAPL, GOOG, GOOGL, MSFT, XOM, BRK-B, META, AMZN, JNJ, GE",10
2016-05-31,"AAPL, GOOGL, GOOG, MSFT, XOM, BRK-B, AMZN, META, JNJ, GE","AAPL, GOOGL, GOOG, MSFT, XOM, BRK-B, AMZN, META, JNJ, GE",10
2016-06-30,"AAPL, GOOG, GOOGL, MSFT, XOM, BRK-B, AMZN, JNJ, META, GE","AAPL, GOOG, GOOGL, MSFT, XOM, BRK-B, AMZN, JNJ, META, GE",10
2016-07-31,"AAPL, GOOGL, GOOG, MSFT, XOM, AMZN, META, BRK-B, JNJ, GE","AAPL, GOOGL, GOOG, MSFT, XOM, AMZN, META, BRK-B, JNJ, GE",10
2016-08-31,"AAPL, GOOGL, GOOG, MSFT, BRK-B, AMZN, META, XOM, JNJ, GE","AAPL, GOOGL, GOOG, MSFT, BRK-B, AMZN, META, XOM, JNJ, GE",10
2016-09-30,"AAPL, GOOGL, GOOG, MSFT, AMZN, META, XOM, BRK-B, JNJ, GE","AAPL, GOOGL, GOOG, MSFT, AMZN, META, XOM, BRK-B, JNJ, GE",10
2016-10-31,"AAPL, GOOG, GOOGL, MSFT, META, AMZN, BRK-B, XOM, JNJ, GE","AAPL, GOOG, GOOGL, MSFT, META, AMZN, BRK-B, XOM, JNJ, GE",10
2016-11-30,"AAPL, GOOG, GOOGL, MSFT, BRK-B, XOM, AMZN, META, JNJ, JPM","AAPL, GOOG, GOOGL, MSFT, BRK-B, XOM, AMZN, META, JNJ, JPM",10
2016-12-31,"AAPL, GOOGL, GOOG, MSFT, BRK-B, XOM, AMZN, META, JNJ, JPM","AAPL, GOOGL, GOOG, MSFT, BRK-B, XOM, AMZN, META, JNJ, JPM",10
2017-01-31,"AAPL, GOOG, GOOGL, MSFT, BRK-B, AMZN, META, XOM, JNJ, JPM","AAPL, GOOG, GOOGL, MSFT, BRK-B, AMZN, META, XOM, JNJ, JPM",10
2017-02-28,"AAPL, GOOG, GOOGL, MSFT, BRK-B, AMZN, META, XOM, JNJ, JPM","AAPL, GOOG, GOOGL, MSFT, BRK-B, AMZN, META, XOM, JNJ, JPM",10
2017-03-31,"AAPL, GOOGL, GOOG, MSFT, AMZN, BRK-B, META, XOM, JNJ, JPM","AAPL, GOOGL, GOOG, MSFT, AMZN, BRK-B, META, XOM, JNJ, JPM",10
2017-04-30,"AAPL, GOOGL, GOOG, MSFT, AMZN, META, BRK-B, XOM, JNJ, JPM","AAPL, GOOGL, GOOG, MSFT, AMZN, META, BRK-B, XOM, JNJ, JPM",10
2017-05-31,"AAPL, GOOGL, GOOG, MSFT, AMZN, META, BRK-B, JNJ, XOM, JPM","AAPL, GOOGL, GOOG, MSFT, AMZN, META, BRK-B, JNJ, XOM, JPM",10
2017-06-30,"AAPL, GOOGL, GOOG, MSFT, AMZN, META, BRK-B, JNJ, XOM, JPM","AAPL, GOOGL, GOOG, MSFT, AMZN, META, BRK-B, JNJ, XOM, JPM",10
2017-07-31,"AAPL, GOOG, GOOGL, MSFT, META, AMZN, BRK-B, JNJ, XOM, JPM","AAPL, GOOG, GOOGL, MSFT, META, AMZN, BRK-B, JNJ, XOM, JPM",10
2017-08-31,"AAPL, GOOGL, GOOG, MSFT, META, AMZN, BRK-B, JNJ, XOM, JPM","AAPL, GOOGL, GOOG, MSFT, META, AMZN, BRK-B, JNJ, XOM, JPM",10
2017-09-30,"AAPL, GOOGL, GOOG, MSFT, META, AMZN, BRK-B, JNJ, XOM, JPM","AAPL, GOOGL, GOOG, MSFT, META, AMZN, BRK-B, JNJ, XOM, JPM",10
2017-10-31,"AAPL, GOOGL, GOOG, MSFT, AMZN, META, BRK-B, JNJ, XOM, JPM","AAPL, GOOGL, GOOG, MSFT, AMZN, META, BRK-B, JNJ, XOM, JPM",10
2017-11-30,"AAPL, GOOGL, GOOG, MSFT, AMZN, META, BRK-B, JNJ, JPM, XOM","AAPL, GOOGL, GOOG, MSFT, AMZN, META, BRK-B, JNJ, JPM, XOM",10
2017-12-31,"AAPL, GOOGL, GOOG, MSFT, AMZN, META, BRK-B, JNJ, JPM, XOM","AAPL, GOOGL, GOOG, MSFT, AMZN, META, BRK-B, JNJ, JPM, XOM",10
2018-01-31,"AAPL, GOOGL, GOOG, MSFT, AMZN, META, BRK-B, JPM, JNJ, XOM","AAPL, GOOGL, GOOG, MSFT, AMZN, META, BRK-B, JPM, JNJ, XOM",10
2018-02-28,"AAPL, GOOGL, GOOG, AMZN, MSFT, META, BRK-B, JPM, JNJ, BAC","AAPL, GOOGL, GOOG, AMZN, MSFT, META, BRK-B, JPM, JNJ, BAC",10
2018-03-31,"AAPL, GOOG, GOOGL, MSFT, AMZN, BRK-B, META, JPM, JNJ, XOM","AAPL, GOOG, GOOGL, MSFT, AMZN, BRK-B, META, JPM, JNJ, XOM",10
2018-04-30,"AAPL, AMZN, MSFT, GOOG, GOOGL, META, BRK-B, JPM, JNJ, XOM","AAPL, AMZN, MSFT, GOOG, GOOGL, META, BRK-B, JPM, JNJ, XOM",10
2018-05-31,"AAPL, AMZN, MSFT, GOOGL, GOOG, META, BRK-B, JPM, XOM, JNJ","AAPL, AMZN, MSFT, GOOGL, GOOG, META, BRK-B, JPM, XOM, JNJ",10
2018-06-30,"AAPL, AMZN, GOOGL, GOOG, MSFT, META, BRK-B, JPM, XOM, JNJ","AAPL, AMZN, GOOGL, GOOG, MSFT, META, BRK-B, JPM, XOM, JNJ",10
2018-07-31,"AAPL, AMZN, GOOGL, GOOG, MSFT, META, BRK-B, JPM, JNJ, XOM","AAPL, AMZN, GOOGL, GOOG, MSFT, META, BRK-B, JPM, JNJ, XOM",10
2018-08-31,"AAPL, AMZN, MSFT, GOOGL, GOOG, BRK-B, META, JPM, JNJ, XOM","AAPL, AMZN, MSFT, GOOGL, GOOG, BRK-B, META, JPM, JNJ, XOM",10
2018-09-30,"AAPL, AMZN, MSFT, GOOG, GOOGL, BRK-B, META, JPM, JNJ, XOM","AAPL, AMZN, MSFT, GOOG, GOOGL, BRK-B, META, JPM, JNJ, XOM",10
2018-10-31,"AAPL, MSFT, AMZN, GOOGL, GOOG, BRK-B, META, JNJ, JPM, XOM","AAPL, MSFT, AMZN, GOOGL, GOOG, BRK-B, META, JNJ, JPM, XOM",10
2018-11-30,"MSFT, AAPL, AMZN, GOOG, GOOGL, BRK-B, META, JNJ, JPM, XOM","MSFT, AAPL, AMZN, GOOG, GOOGL, BRK-B, META, JNJ, JPM, XOM",10
2018-12-31,"MSFT, AAPL, AMZN, GOOG, GOOGL, BRK-B, META, JNJ, JPM, V","MSFT, AAPL, AMZN, GOOG, GOOGL, BRK-B, META, JNJ, JPM, V",10
2019-01-31,"AMZN, MSFT, AAPL, GOOG, GOOGL, BRK-B, META, JNJ, JPM, XOM","AMZN, MSFT, AAPL, GOOG, GOOGL, BRK-B, META, JNJ, JPM, XOM",10
2019-02-28,"MSFT, AAPL, AMZN, GOOGL, GOOG, BRK-B, META, JNJ, JPM, XOM","MSFT, AAPL, AMZN, GOOGL, GOOG, BRK-B, META, JNJ, JPM, XOM",10
2019-03-31,"MSFT, AAPL, AMZN, GOOGL, GOOG, BRK-B, META, JNJ, V, XOM","MSFT, AAPL, AMZN, GOOGL, GOOG, BRK-B, META, JNJ, V, XOM",10
2019-04-30,"MSFT, AMZN, AAPL, GOOGL, GOOG, META, BRK-B, JPM, JNJ, V","MSFT, AMZN, AAPL, GOOGL, GOOG, META, BRK-B, JPM, JNJ, V",10
2019-05-31,"MSFT, AMZN, AAPL, GOOG, GOOGL, META, BRK-B, V, JNJ, JPM","MSFT, AMZN, AAPL, GOOG, GOOGL, META, BRK-B, V, JNJ, JPM",10
2019-06-30,"MSFT, AMZN, AAPL, GOOGL, GOOG, META, BRK-B, V, JNJ, JPM","MSFT, AMZN, AAPL, GOOGL, GOOG, META, BRK-B, V, JNJ, JPM",10
2019-07-31,"MSFT, AAPL, AMZN, GOOG, GOOGL, META, BRK-B, V, JPM, JNJ","MSFT, AAPL, AMZN, GOOG, GOOGL, META, BRK-B, V, JPM, JNJ",10
2019-08-31,"MSFT, AAPL, AMZN, GOOG, GOOGL, META, BRK-B, V, JPM, JNJ","MSFT, AAPL, AMZN, GOOG, GOOGL, META, BRK-B, V, JPM, JNJ",10
2019-09-30,"MSFT, AAPL, AMZN, GOOG, GOOGL, BRK-B, META, V, JPM, JNJ","MSFT, AAPL, AMZN, GOOG, GOOGL, BRK-B, META, V, JPM, JNJ",10
2019-10-31,"AAPL, MSFT, AMZN, GOOG, GOOGL, META, BRK-B, JPM, V, JNJ","AAPL, MSFT, AMZN, GOOG, GOOGL, META, BRK-B, JPM, V, JNJ",10
2019-11-30,"AAPL, MSFT, GOOGL, GOOG, AMZN, META, BRK-B, JPM, V, JNJ","AAPL, MSFT, GOOGL, GOOG, AMZN, META, BRK-B, JPM, V, JNJ",10
2019-12-31,"AAPL, MSFT, GOOG, GOOGL, AMZN, META, BRK-B, JPM, V, JNJ","AAPL, MSFT, GOOG, GOOGL, AMZN, META, BRK-B, JPM, V, JNJ",10
2020-01-31,"AAPL, MSFT, AMZN, GOOGL, GOOG, META, BRK-B, V, JPM, JNJ","AAPL, MSFT, AMZN, GOOGL, GOOG, META, BRK-B, V, JPM, JNJ",10
2020-02-29,"MSFT, AAPL, AMZN, GOOGL, GOOG, META, BRK-B, V, JPM, JNJ","MSFT, AAPL, AMZN, GOOGL, GOOG, META, BRK-B, V, JPM, JNJ",10
2020-03-31,"MSFT, AAPL, AMZN, GOOG, GOOGL, META, BRK-B, V, JNJ, WMT","MSFT, AAPL, AMZN, GOOG, GOOGL, META, BRK-B, V, JNJ, WMT",10
2020-04-30,"MSFT, AAPL, AMZN, GOOG, GOOGL, META, BRK-B, JNJ, V, WMT","MSFT, AAPL, AMZN, GOOG, GOOGL, META, BRK-B, JNJ, V, WMT",10
2020-05-31,"MSFT, AAPL, AMZN, GOOG, GOOGL, META, BRK-B, V, JNJ, WMT","MSFT, AAPL, AMZN, GOOG, GOOGL, META, BRK-B, V, JNJ, WMT",10
2020-06-30,"AAPL, MSFT, AMZN, GOOGL, GOOG, META, BRK-B, V, JNJ, WMT","AAPL, MSFT, AMZN, GOOGL, GOOG, META, BRK-B, V, JNJ, WMT",10
2020-07-31,"AAPL, AMZN, MSFT, GOOGL, GOOG, META, BRK-B, V, JNJ, WMT","AAPL, AMZN, MSFT, GOOGL, GOOG, META, BRK-B, V, JNJ, WMT",10
2020-08-31,"AAPL, AMZN, MSFT, GOOGL, GOOG, META, BRK-B, V, JNJ, WMT","AAPL, AMZN, MSFT, GOOGL, GOOG, META, BRK-B, V, JNJ, WMT",10
2020-09-30,"AAPL, MSFT, AMZN, GOOGL, GOOG, META, BRK-B, V, WMT, JNJ","AAPL, MSFT, AMZN, GOOGL, GOOG, META, BRK-B, V, WMT, JNJ",10
2020-10-31,"AAPL, MSFT, AMZN, GOOGL, GOOG, META, BRK-B, WMT, V, JNJ","AAPL, MSFT, AMZN, GOOGL, GOOG, META, BRK-B, WMT, V, JNJ",10
2020-11-30,"AAPL, MSFT, AMZN, GOOG, GOOGL, META, BRK-B, V, WMT, JNJ","AAPL, MSFT, AMZN, GOOG, GOOGL, META, BRK-B, V, WMT, JNJ",10
2020-12-31,"AAPL, MSFT, AMZN, GOOGL, GOOG, META, TSLA, BRK-B, V, JNJ","AAPL, MSFT, AMZN, GOOGL, GOOG, META, TSLA, BRK-B, V, JNJ",10
2021-01-31,"AAPL, MSFT, AMZN, GOOGL, GOOG, TSLA, META, BRK-B, JNJ, V","AAPL, MSFT, AMZN, GOOGL, GOOG, TSLA, META, BRK-B, JNJ, V",10
2021-02-28,"AAPL, MSFT, AMZN, GOOG, GOOGL, META, TSLA, BRK-B, V, JPM","AAPL, MSFT, AMZN, GOOG, GOOGL, META, TSLA, BRK-B, V, JPM",10
2021-03-31,"AAPL, MSFT, AMZN, GOOGL, GOOG, META, TSLA, BRK-B, JPM, V","AAPL, MSFT, AMZN, GOOGL, GOOG, META, TSLA, BRK-B, JPM, V",10
2021-04-30,"AAPL, MSFT, AMZN, GOOG, GOOGL, META, TSLA, BRK-B, V, JPM","AAPL, MSFT, AMZN, GOOG, GOOGL, META, TSLA, BRK-B, V, JPM",10
2021-05-31,"AAPL, MSFT, AMZN, GOOG, GOOGL, META, BRK-B, TSLA, JPM, V","AAPL, MSFT, AMZN, GOOG, GOOGL, META, BRK-B, TSLA, JPM, V",10
2021-06-30,"AAPL, MSFT, AMZN, GOOGL, GOOG, META, TSLA, BRK-B, V, NVDA","AAPL, MSFT, AMZN, GOOGL, GOOG, META, TSLA, BRK-B, V, NVDA",10
2021-07-31,"AAPL, MSFT, GOOGL, GOOG, AMZN, META, TSLA, BRK-B, V, NVDA","AAPL, MSFT, GOOGL, GOOG, AMZN, META, TSLA, BRK-B, V, NVDA",10
2021-08-31,"AAPL, MSFT, GOOGL, GOOG, AMZN, META, TSLA, BRK-B, NVDA, V","AAPL, MSFT, GOOGL, GOOG, AMZN, META, TSLA, BRK-B, NVDA, V",10
2021-09-30,"AAPL, MSFT, GOOG, GOOGL, AMZN, META, TSLA, BRK-B, NVDA, JPM","AAPL, MSFT, GOOG, GOOGL, AMZN, META, TSLA, BRK-B, NVDA, JPM",10
2021-10-31,"MSFT, AAPL, GOOGL, GOOG, AMZN, TSLA, META, BRK-B, NVDA, JPM","MSFT, AAPL, GOOGL, GOOG, AMZN, TSLA, META, BRK-B, NVDA, JPM",10
2021-11-30,"AAPL, MSFT, GOOGL, GOOG, AMZN, TSLA, META, NVDA, BRK-B, JPM","AAPL, MSFT, GOOGL, GOOG, AMZN, TSLA, META, NVDA, BRK-B, JPM",10
2021-12-31,"AAPL, MSFT, GOOGL, GOOG, AMZN, TSLA, META, NVDA, BRK-B, UNH","AAPL, MSFT, GOOGL, GOOG, AMZN, TSLA, META, NVDA, BRK-B, UNH",10
2022-01-31,"AAPL, MSFT, GOOGL, GOOG, AMZN, TSLA, META, BRK-B, NVDA, V","AAPL, MSFT, GOOGL, GOOG, AMZN, TSLA, META, BRK-B, NVDA, V",10
2022-02-28,"AAPL, MSFT, GOOG, GOOGL, AMZN, TSLA, BRK-B, NVDA, META, V","AAPL, MSFT, GOOG, GOOGL, AMZN, TSLA, BRK-B, NVDA, META, V",10
2022-03-31,"AAPL, MSFT, GOOGL, GOOG, AMZN, TSLA, BRK-B, NVDA, META, UNH","AAPL, MSFT, GOOGL, GOOG, AMZN, TSLA, BRK-B, NVDA, META, UNH",10
2022-04-30,"AAPL, MSFT, GOOG, GOOGL, AMZN, TSLA, BRK-B, META, UNH, JNJ","AAPL, MSFT, GOOG, GOOGL, AMZN, TSLA, BRK-B, META, UNH, JNJ",10
2022-05-31,"AAPL, MSFT, GOOG, GOOGL, AMZN, TSLA, BRK-B, META, JNJ, NVDA","AAPL, MSFT, GOOG, GOOGL, AMZN, TSLA, BRK-B, META, JNJ, NVDA",10
2022-06-30,"AAPL, MSFT, GOOG, GOOGL, AMZN, TSLA, BRK-B, UNH, JNJ, META","AAPL, MSFT, GOOG, GOOGL, AMZN, TSLA, BRK-B, UNH, JNJ, META",10
2022-07-31,"AAPL, MSFT, GOOG, GOOGL, AMZN, TSLA, BRK-B, UNH, JNJ, NVDA","AAPL, MSFT, GOOG, GOOGL, AMZN, TSLA, BRK-B, UNH, JNJ, NVDA",10
2022-08-31,"AAPL, MSFT, GOOG, GOOGL, AMZN, TSLA, BRK-B, UNH, META, JNJ","AAPL, MSFT, GOOG, GOOGL, AMZN, TSLA, BRK-B, UNH, META, JNJ",10
2022-09-30,"AAPL, MSFT, GOOGL, GOOG, AMZN, TSLA, BRK-B, UNH, JNJ, V","AAPL, MSFT, GOOGL, GOOG, AMZN, TSLA, BRK-B, UNH, JNJ, V",10
2022-10-31,"AAPL, MSFT, GOOG, GOOGL, AMZN, TSLA, BRK-B, UNH, XOM, JNJ","AAPL, MSFT, GOOG, GOOGL, AMZN, TSLA, BRK-B, UNH, XOM, JNJ",10
2022-11-30,"AAPL, MSFT, GOOG, GOOGL, AMZN, BRK-B, TSLA, UNH, JNJ, XOM","AAPL, MSFT, GOOG, GOOGL, AMZN, BRK-B, TSLA, UNH, JNJ, XOM",10
2022-12-31,"AAPL, MSFT, GOOGL, GOOG, AMZN, BRK-B, UNH, JNJ, XOM, V","AAPL, MSFT, GOOGL, GOOG, AMZN, BRK-B, UNH, JNJ, XOM, V",10
2023-01-31,"AAPL, MSFT, GOOG, GOOGL, AMZN, BRK-B, TSLA, NVDA, V, XOM","AAPL, MSFT, GOOG, GOOGL, AMZN, BRK-B, TSLA, NVDA, V, XOM",10
2023-02-28,"AAPL, MSFT, GOOG, GOOGL, AMZN, BRK-B, TSLA, NVDA, META, V","AAPL, MSFT, GOOG, GOOGL, AMZN, BRK-B, TSLA, NVDA, META, V",10
2023-03-31,"AAPL, MSFT, GOOG, GOOGL, AMZN, NVDA, BRK-B, TSLA, META, V","AAPL, MSFT, GOOG, GOOGL, AMZN, NVDA, BRK-B, TSLA, META, V",10
2023-04-30,"AAPL, MSFT, GOOGL, GOOG, AMZN, BRK-B, NVDA, META, TSLA, XOM","AAPL, MSFT, GOOGL, GOOG, AMZN, BRK-B, NVDA, META, TSLA, XOM",10
2023-05-31,"AAPL, MSFT, GOOG, GOOGL, AMZN, NVDA, BRK-B, META, TSLA, UNH","AAPL, MSFT, GOOG, GOOGL, AMZN, NVDA, BRK-B, META, TSLA, UNH",10
2023-06-30,"AAPL, MSFT, GOOGL, GOOG, AMZN, NVDA, TSLA, BRK-B, META, V","AAPL, MSFT, GOOGL, GOOG, AMZN, NVDA, TSLA, BRK-B, META, V",10
2023-07-31,"AAPL, MSFT, GOOG, GOOGL, AMZN, NVDA, TSLA, META, BRK-B, V","AAPL, MSFT, GOOG, GOOGL, AMZN, NVDA, TSLA, META, BRK-B, V",10
2023-08-31,"AAPL, MSFT, GOOG, GOOGL, AMZN, NVDA, TSLA, BRK-B, META, LLY","AAPL, MSFT, GOOG, GOOGL, AMZN, NVDA, TSLA, BRK-B, META, LLY",10
2023-09-30,"AAPL, MSFT, GOOG, GOOGL, AMZN, NVDA, TSLA, META, BRK-B, LLY","AAPL, MSFT, GOOG, GOOGL, AMZN, NVDA, TSLA, META, BRK-B, LLY",10
2023-10-31,"AAPL, MSFT, GOOGL, GOOG, AMZN, NVDA, META, BRK-B, TSLA, LLY","AAPL, MSFT, GOOGL, GOOG, AMZN, NVDA, META, BRK-B, TSLA, LLY",10
2023-11-30,"AAPL, MSFT, GOOG, GOOGL, AMZN, NVDA, META, BRK-B, TSLA, LLY","AAPL, MSFT, GOOG, GOOGL, AMZN, NVDA, META, BRK-B, TSLA, LLY",10
2023-12-31,"AAPL, MSFT, GOOGL, GOOG, AMZN, NVDA, META, TSLA, BRK-B, LLY","AAPL, MSFT, GOOGL, GOOG, AMZN, NVDA, META, TSLA, BRK-B, LLY",10
2024-01-31,"MSFT, AAPL, GOOGL, GOOG, AMZN, NVDA, META, BRK-B, LLY, TSLA","MSFT, AAPL, GOOGL, GOOG, AMZN, NVDA, META, BRK-B, LLY, TSLA",10
2024-02-29,"MSFT, AAPL, NVDA, AMZN, GOOGL, GOOG, META, BRK-B, LLY, TSLA","MSFT, AAPL, NVDA, AMZN, GOOGL, GOOG, META, BRK-B, LLY, TSLA",10
2024-03-31,"MSFT, AAPL, NVDA, GOOG, GOOGL, AMZN, META, BRK-B, LLY, AVGO","MSFT, AAPL, NVDA, GOOG, GOOGL, AMZN, META, BRK-B, LLY, AVGO",10
2024-04-30,"MSFT, AAPL, NVDA, GOOGL, GOOG, AMZN, META, BRK-B, LLY, AVGO","MSFT, AAPL, NVDA, GOOGL, GOOG, AMZN, META, BRK-B, LLY, AVGO",10
2024-05-31,"MSFT, AAPL, NVDA, GOOG, GOOGL, AMZN, META, BRK-B, LLY, AVGO","MSFT, AAPL, NVDA, GOOG, GOOGL, AMZN, META, BRK-B, LLY, AVGO",10
2024-06-30,"MSFT, AAPL, NVDA, GOOGL, GOOG, AMZN, META, BRK-B, LLY, AVGO","MSFT, AAPL, NVDA, GOOGL, GOOG, AMZN, META, BRK-B, LLY, AVGO",10
2024-07-31,"AAPL, MSFT, NVDA, GOOGL, GOOG, AMZN, META, BRK-B, LLY, AVGO","AAPL, MSFT, NVDA, GOOGL, GOOG, AMZN, META, BRK-B, LLY, AVGO",10
2024-08-31,"AAPL, MSFT, NVDA, GOOG, GOOGL, AMZN, META, BRK-B, LLY, AVGO","AAPL, MSFT, NVDA, GOOG, GOOGL, AMZN, META, BRK-B, LLY, AVGO",10
2024-09-30,"AAPL, MSFT, NVDA, GOOGL, GOOG, AMZN, META, BRK-B, LLY, TSLA","AAPL, MSFT, NVDA, GOOGL, GOOG, AMZN, META, BRK-B, LLY, TSLA",10
2024-10-31,"AAPL, NVDA, MSFT, GOOGL, GOOG, AMZN, META, BRK-B, TSLA, AVGO","AAPL, NVDA, MSFT, GOOGL, GOOG, AMZN, META, BRK-B, TSLA, AVGO",10
2024-11-30,"AAPL, NVDA, MSFT, AMZN, GOOG, GOOGL, META, TSLA, BRK-B, AVGO","AAPL, NVDA, MSFT, AMZN, GOOG, GOOGL, META, TSLA, BRK-B, AVGO",10
2024-12-31,"AAPL, NVDA, MSFT, AMZN, GOOG, GOOGL, META, TSLA, AVGO, BRK-B","AAPL, NVDA, MSFT, AMZN, GOOG, GOOGL, META, TSLA, AVGO, BRK-B",10
2025-01-31,"AAPL, MSFT, NVDA, GOOGL, GOOG, AMZN, META, TSLA, AVGO, BRK-B","AAPL, MSFT, NVDA, GOOGL, GOOG, AMZN, META, TSLA, AVGO, BRK-B",10
2025-02-28,"AAPL, NVDA, MSFT, AMZN, GOOG, GOOGL, META, BRK-B, TSLA, AVGO","AAPL, NVDA, MSFT, AMZN, GOOG, GOOGL, META, BRK-B, TSLA, AVGO",10
2025-03-31,"AAPL, MSFT, NVDA, AMZN, GOOGL, GOOG, META, BRK-B, TSLA, AVGO","AAPL, MSFT, NVDA, AMZN, GOOGL, GOOG, META, BRK-B, TSLA, AVGO",10
2025-04-30,"AAPL, MSFT, NVDA, AMZN, GOOG, GOOGL, META, BRK-B, AVGO, TSLA","AAPL, MSFT, NVDA, AMZN, GOOG, GOOGL, META, BRK-B, AVGO, TSLA",10
2025-05-31,"MSFT, NVDA, AAPL, AMZN, GOOG, GOOGL, META, AVGO, TSLA, BRK-B","MSFT, NVDA, AAPL, AMZN, GOOG, GOOGL, META, AVGO, TSLA, BRK-B",10
2025-06-30,"NVDA, MSFT, AAPL, AMZN, GOOG, GOOGL, META, AVGO, BRK-B, TSLA","NVDA, MSFT, AAPL, AMZN, GOOG, GOOGL, META, AVGO, BRK-B, TSLA",10
2025-07-31,"NVDA, MSFT, AAPL, AMZN, GOOG, GOOGL, META, AVGO, BRK-B, TSLA","NVDA, MSFT, AAPL, AMZN, GOOG, GOOGL, META, AVGO, BRK-B, TSLA",10
2025-08-31,"NVDA, MSFT, AAPL, GOOGL, GOOG, AMZN, META, AVGO, BRK-B, TSLA","NVDA, MSFT, AAPL, GOOGL, GOOG, AMZN, META, AVGO, BRK-B, TSLA",10
2025-09-30,"NVDA, MSFT, AAPL, GOOG, GOOGL, AMZN, META, AVGO, TSLA, BRK-B","NVDA, MSFT, AAPL, GOOG, GOOGL, AMZN, META, AVGO, TSLA, BRK-B",10
2025-10-31,"NVDA, AAPL, MSFT, GOOG, GOOGL, AMZN, AVGO, META, TSLA, BRK-B","NVDA, AAPL, MSFT, GOOG, GOOGL, AMZN, AVGO, META, TSLA, BRK-B",10
2025-11-30,"NVDA, AAPL, GOOGL, GOOG, MSFT, AMZN, AVGO, META, TSLA, BRK-B","NVDA, AAPL, GOOGL, GOOG, MSFT, AMZN, AVGO, META, TSLA, BRK-B",10
2025-12-31,"NVDA, AAPL, GOOGL, GOOG, MSFT, AMZN, META, AVGO, TSLA, BRK-B","NVDA, AAPL, GOOGL, GOOG, MSFT, AMZN, META, AVGO, TSLA, BRK-B",10
